Employee_ID,Shift_Date
E001,2025-01-01
E002,2025-01-01
E003,2025-01-02
E004,2025-01-02
E005,2025-01-03
E006,2025-01-03
E007,2025-01-04
E008,2025-01-04
E009,2025-01-05
E010,2025-01-05
E011,2025-01-06
E012,2025-01-06
E013,2025-01-07
E014,2025-01-07
E015,2025-01-08
E016,2025-01-08
E017,2025-01-09
E018,2025-01-09
E019,2025-01-10
E020,2025-01-10
E001,2025-01-11
E002,2025-01-11
E003,2025-01-12
E004,2025-01-12
E005,2025-01-13
E006,2025-01-13
E007,2025-01-14
E008,2025-01-14
E009,2025-01-15
E010,2025-01-15
E011,2025-01-16
E012,2025-01-16
E013,2025-01-17
E014,2025-01-17
E015,2025-01-18
E016,2025-01-18
E017,2025-01-19
E018,2025-01-19
E019,2025-01-20
E020,2025-01-20
E001,2025-01-21
E002,2025-01-21
E003,2025-01-22
E004,2025-01-22
E005,2025-01-23
E006,2025-01-23
E007,2025-01-24
E008,2025-01-24
E009,2025-01-25
E010,2025-01-25
E011,2025-01-26
E012,2025-01-26
E013,2025-01-27
E014,2025-01-27
E015,2025-01-28
E016,2025-01-28
E017,2025-01-29
E018,2025-01-29
E019,2025-01-30
E020,2025-01-30
E001,2025-01-31
E002,2025-01-31
E003,2025-02-01
E004,2025-02-01
E005,2025-02-02
E006,2025-02-02
E007,2025-02-03
E008,2025-02-03
E009,2025-02-04
E010,2025-02-04
E011,2025-02-05
E012,2025-02-05
E013,2025-02-06
E014,2025-02-06
E015,2025-02-07
E016,2025-02-07
E017,2025-02-08
E018,2025-02-08
E019,2025-02-09
E020,2025-02-09
E001,2025-02-10
E002,2025-02-10
E003,2025-02-11
E004,2025-02-11
E005,2025-02-12
E006,2025-02-12
E007,2025-02-13
E008,2025-02-13
E009,2025-02-14
E010,2025-02-14
E011,2025-02-15
E012,2025-02-15
E013,2025-02-16
E014,2025-02-16
E015,2025-02-17
E016,2025-02-17
E017,2025-02-18
E018,2025-02-18
E019,2025-02-19
E020,2025-02-19
E001,2025-02-20
E002,2025-02-20
E003,2025-02-21
E004,2025-02-21
E005,2025-02-22
E006,2025-02-22
E007,2025-02-23
E008,2025-02-23
E009,2025-02-24
E010,2025-02-24
E011,2025-02-25
E012,2025-02-25
E013,2025-02-26
E014,2025-02-26
E015,2025-02-27
E016,2025-02-27
E017,2025-02-28
E018,2025-02-28
E019,2025-03-01
E020,2025-03-01
E001,2025-03-02
E002,2025-03-02
E003,2025-03-03
E004,2025-03-03
E005,2025-03-04
E006,2025-03-04
E007,2025-03-05
E008,2025-03-05
E009,2025-03-06
E010,2025-03-06
E011,2025-03-07
E012,2025-03-07
E013,2025-03-08
E014,2025-03-08
E015,2025-03-09
E016,2025-03-09
E017,2025-03-10
E018,2025-03-10
E019,2025-03-11
E020,2025-03-11
E001,2025-03-12
E002,2025-03-12
E003,2025-03-13
E004,2025-03-13
E005,2025-03-14
E006,2025-03-14
E007,2025-03-15
E008,2025-03-15
E009,2025-03-16
E010,2025-03-16
E011,2025-03-17
E012,2025-03-17
E013,2025-03-18
E014,2025-03-18
E015,2025-03-19
E016,2025-03-19
E017,2025-03-20
E018,2025-03-20
E019,2025-03-21
E020,2025-03-21
E001,2025-03-22
E002,2025-03-22
E003,2025-03-23
E004,2025-03-23
E005,2025-03-24
E006,2025-03-24
E007,2025-03-25
E008,2025-03-25
E009,2025-03-26
E010,2025-03-26
E011,2025-03-27
E012,2025-03-27
E013,2025-03-28
E014,2025-03-28
E015,2025-03-29
E016,2025-03-29
E017,2025-03-30
E018,2025-03-30
E019,2025-03-31
E020,2025-03-31
E001,2025-04-01
E002,2025-04-01
E003,2025-04-02
E004,2025-04-02
E005,2025-04-03
E006,2025-04-03
E007,2025-04-04
E008,2025-04-04
E009,2025-04-05
E010,2025-04-05
E011,2025-04-06
E012,2025-04-06
E013,2025-04-07
E014,2025-04-07
E015,2025-04-08
E016,2025-04-08
E017,2025-04-09
E018,2025-04-09
E019,2025-04-10
E020,2025-04-10
E001,2025-04-11
E002,2025-04-11
E003,2025-04-12
E004,2025-04-12
E005,2025-04-13
E006,2025-04-13
E007,2025-04-14
E008,2025-04-14
E009,2025-04-15
E010,2025-04-15
E011,2025-04-16
E012,2025-04-16
E013,2025-04-17
E014,2025-04-17
E015,2025-04-18
E016,2025-04-18
E017,2025-04-19
E018,2025-04-19
E019,2025-04-20
E020,2025-04-20
E001,2025-04-21
E002,2025-04-21
E003,2025-04-22
E004,2025-04-22
E005,2025-04-23
E006,2025-04-23
E007,2025-04-24
E008,2025-04-24
E009,2025-04-25
E010,2025-04-25
E011,2025-04-26
E012,2025-04-26
E013,2025-04-27
E014,2025-04-27
E015,2025-04-28
E016,2025-04-28
E017,2025-04-29
E018,2025-04-29
E019,2025-04-30
E020,2025-04-30
E001,2025-05-01
E002,2025-05-01
E003,2025-05-02
E004,2025-05-02
E005,2025-05-03
E006,2025-05-03
E007,2025-05-04
E008,2025-05-04
E009,2025-05-05
E010,2025-05-05
E011,2025-05-06
E012,2025-05-06
E013,2025-05-07
E014,2025-05-07
E015,2025-05-08
E016,2025-05-08
E017,2025-05-09
E018,2025-05-09
E019,2025-05-10
E020,2025-05-10
E001,2025-05-11
E002,2025-05-11
E003,2025-05-12
E004,2025-05-12
E005,2025-05-13
E006,2025-05-13
E007,2025-05-14
E008,2025-05-14
E009,2025-05-15
E010,2025-05-15
E011,2025-05-16
E012,2025-05-16
E013,2025-05-17
E014,2025-05-17
E015,2025-05-18
E016,2025-05-18
E017,2025-05-19
E018,2025-05-19
E019,2025-05-20
E020,2025-05-20
E001,2025-05-21
E002,2025-05-21
E003,2025-05-22
E004,2025-05-22
E005,2025-05-23
E006,2025-05-23
E007,2025-05-24
E008,2025-05-24
E009,2025-05-25
E010,2025-05-25
E011,2025-05-26
E012,2025-05-26
E013,2025-05-27
E014,2025-05-27
E015,2025-05-28
E016,2025-05-28
E017,2025-05-29
E018,2025-05-29
E019,2025-05-30
E020,2025-05-30
E001,2025-05-31
E002,2025-05-31
E003,2025-06-01
E004,2025-06-01
E005,2025-06-02
E006,2025-06-02
E007,2025-06-03
E008,2025-06-03
E009,2025-06-04
E010,2025-06-04
E011,2025-06-05
E012,2025-06-05
E013,2025-06-06
E014,2025-06-06
E015,2025-06-07
E016,2025-06-07
E017,2025-06-08
E018,2025-06-08
E019,2025-06-09
E020,2025-06-09
E001,2025-06-10
E002,2025-06-10
E003,2025-06-11
E004,2025-06-11
E005,2025-06-12
E006,2025-06-12
E007,2025-06-13
E008,2025-06-13
E009,2025-06-14
E010,2025-06-14
E011,2025-06-15
E012,2025-06-15
E013,2025-06-16
E014,2025-06-16
E015,2025-06-17
E016,2025-06-17
E017,2025-06-18
E018,2025-06-18
E019,2025-06-19
E020,2025-06-19
E001,2025-06-20
E002,2025-06-20
E003,2025-06-21
E004,2025-06-21
E005,2025-06-22
E006,2025-06-22
E007,2025-06-23
E008,2025-06-23
E009,2025-06-24
E010,2025-06-24
E011,2025-06-25
E012,2025-06-25
E013,2025-06-26
E014,2025-06-26
E015,2025-06-27
E016,2025-06-27
E017,2025-06-28
E018,2025-06-28
E019,2025-06-29
E020,2025-06-29
E001,2025-06-30
E002,2025-06-30
E003,2025-07-01
E004,2025-07-01
E005,2025-07-02
E006,2025-07-02
E007,2025-07-03
E008,2025-07-03
E009,2025-07-04
E010,2025-07-04
E011,2025-07-05
E012,2025-07-05
E013,2025-07-06
E014,2025-07-06
E015,2025-07-07
E016,2025-07-07
E017,2025-07-08
E018,2025-07-08
E019,2025-07-09
E020,2025-07-09
E001,2025-07-10
E002,2025-07-10
E003,2025-07-11
E004,2025-07-11
E005,2025-07-12
E006,2025-07-12
E007,2025-07-13
E008,2025-07-13
E009,2025-07-14
E010,2025-07-14
E011,2025-07-15
E012,2025-07-15
E013,2025-07-16
E014,2025-07-16
E015,2025-07-17
E016,2025-07-17
E017,2025-07-18
E018,2025-07-18
E019,2025-07-19
E020,2025-07-19
E001,2025-07-20
E002,2025-07-20
E003,2025-07-21
E004,2025-07-21
E005,2025-07-22
E006,2025-07-22
E007,2025-07-23
E008,2025-07-23
E009,2025-07-24
E010,2025-07-24
E011,2025-07-25
E012,2025-07-25
E013,2025-07-26
E014,2025-07-26
E015,2025-07-27
E016,2025-07-27
E017,2025-07-28
E018,2025-07-28
E019,2025-07-29
E020,2025-07-29
E001,2025-07-30
E002,2025-07-30
E003,2025-07-31
E004,2025-07-31
E005,2025-08-01
E006,2025-08-01
E007,2025-08-02
E008,2025-08-02
E009,2025-08-03
E010,2025-08-03
E011,2025-08-04
E012,2025-08-04
E013,2025-08-05
E014,2025-08-05
E015,2025-08-06
E016,2025-08-06
E017,2025-08-07
E018,2025-08-07
E019,2025-08-08
E020,2025-08-08
E001,2025-08-09
E002,2025-08-09
E003,2025-08-10
E004,2025-08-10
E005,2025-08-11
E006,2025-08-11
E007,2025-08-12
E008,2025-08-12
E009,2025-08-13
E010,2025-08-13
E011,2025-08-14
E012,2025-08-14
E013,2025-08-15
E014,2025-08-15
E015,2025-08-16
E016,2025-08-16
E017,2025-08-17
E018,2025-08-17
E019,2025-08-18
E020,2025-08-18
E001,2025-08-19
E002,2025-08-19
E003,2025-08-20
E004,2025-08-20
E005,2025-08-21
E006,2025-08-21
E007,2025-08-22
E008,2025-08-22
E009,2025-08-23
E010,2025-08-23
E011,2025-08-24
E012,2025-08-24
E013,2025-08-25
E014,2025-08-25
E015,2025-08-26
E016,2025-08-26
E017,2025-08-27
E018,2025-08-27
E019,2025-08-28
E020,2025-08-28
E001,2025-08-29
E002,2025-08-29
E003,2025-08-30
E004,2025-08-30
E005,2025-08-31
E006,2025-08-31
E007,2025-09-01
E008,2025-09-01
E009,2025-09-02
E010,2025-09-02
E011,2025-09-03
E012,2025-09-03
E013,2025-09-04
E014,2025-09-04
E015,2025-09-05
E016,2025-09-05
E017,2025-09-06
E018,2025-09-06
E019,2025-09-07
E020,2025-09-07
E001,2025-09-08
E002,2025-09-08
E003,2025-09-09
E004,2025-09-09
E005,2025-09-10
E006,2025-09-10
E007,2025-09-11
E008,2025-09-11
E009,2025-09-12
E010,2025-09-12
E011,2025-09-13
E012,2025-09-13
E013,2025-09-14
E014,2025-09-14
E015,2025-09-15
E016,2025-09-15
E017,2025-09-16
E018,2025-09-16
E019,2025-09-17
E020,2025-09-17
E001,2025-09-18
E002,2025-09-18
E003,2025-09-19
E004,2025-09-19
E005,2025-09-20
E006,2025-09-20
E007,2025-09-21
E008,2025-09-21
E009,2025-09-22
E010,2025-09-22
E011,2025-09-23
E012,2025-09-23
E013,2025-09-24
E014,2025-09-24
E015,2025-09-25
E016,2025-09-25
E017,2025-09-26
E018,2025-09-26
E019,2025-09-27
E020,2025-09-27
E001,2025-09-28
E002,2025-09-28
E003,2025-09-29
E004,2025-09-29
E005,2025-09-30
E006,2025-09-30
E007,2025-10-01
E008,2025-10-01
E009,2025-10-02
E010,2025-10-02
E011,2025-10-03
E012,2025-10-03
E013,2025-10-04
E014,2025-10-04
E015,2025-10-05
E016,2025-10-05
E017,2025-10-06
E018,2025-10-06
E019,2025-10-07
E020,2025-10-07
E001,2025-10-08
E002,2025-10-08
E003,2025-10-09
E004,2025-10-09
E005,2025-10-10
E006,2025-10-10
E007,2025-10-11
E008,2025-10-11
E009,2025-10-12
E010,2025-10-12
E011,2025-10-13
E012,2025-10-13
E013,2025-10-14
E014,2025-10-14
E015,2025-10-15
E016,2025-10-15
E017,2025-10-16
E018,2025-10-16
E019,2025-10-17
E020,2025-10-17
E001,2025-10-18
E002,2025-10-18
E003,2025-10-19
E004,2025-10-19
E005,2025-10-20
E006,2025-10-20
E007,2025-10-21
E008,2025-10-21
E009,2025-10-22
E010,2025-10-22
E011,2025-10-23
E012,2025-10-23
E013,2025-10-24
E014,2025-10-24
E015,2025-10-25
E016,2025-10-25
E017,2025-10-26
E018,2025-10-26
E019,2025-10-27
E020,2025-10-27
E001,2025-10-28
E002,2025-10-28
E003,2025-10-29
E004,2025-10-29
E005,2025-10-30
E006,2025-10-30
E007,2025-10-31
E008,2025-10-31
E009,2025-11-01
E010,2025-11-01
E011,2025-11-02
E012,2025-11-02
E013,2025-11-03
E014,2025-11-03
E015,2025-11-04
E016,2025-11-04
E017,2025-11-05
E018,2025-11-05
E019,2025-11-06
E020,2025-11-06
E001,2025-11-07
E002,2025-11-07
E003,2025-11-08
E004,2025-11-08
E005,2025-11-09
E006,2025-11-09
E007,2025-11-10
E008,2025-11-10
E009,2025-11-11
E010,2025-11-11
E011,2025-11-12
E012,2025-11-12
E013,2025-11-13
E014,2025-11-13
E015,2025-11-14
E016,2025-11-14
E017,2025-11-15
E018,2025-11-15
E019,2025-11-16
E020,2025-11-16
E001,2025-11-17
E002,2025-11-17
E003,2025-11-18
E004,2025-11-18
E005,2025-11-19
E006,2025-11-19
E007,2025-11-20
E008,2025-11-20
E009,2025-11-21
E010,2025-11-21
E011,2025-11-22
E012,2025-11-22
E013,2025-11-23
E014,2025-11-23
E015,2025-11-24
E016,2025-11-24
E017,2025-11-25
E018,2025-11-25
E019,2025-11-26
E020,2025-11-26
E001,2025-11-27
E002,2025-11-27
E003,2025-11-28
E004,2025-11-28
E005,2025-11-29
E006,2025-11-29
E007,2025-11-30
E008,2025-11-30
E009,2025-12-01
E010,2025-12-01
E011,2025-12-02
E012,2025-12-02
E013,2025-12-03
E014,2025-12-03
E015,2025-12-04
E016,2025-12-04
E017,2025-12-05
E018,2025-12-05
E019,2025-12-06
E020,2025-12-06
E001,2025-12-07
E002,2025-12-07
E003,2025-12-08
E004,2025-12-08
E005,2025-12-09
E006,2025-12-09
E007,2025-12-10
E008,2025-12-10
E009,2025-12-11
E010,2025-12-11
E011,2025-12-12
E012,2025-12-12
E013,2025-12-13
E014,2025-12-13
E015,2025-12-14
E016,2025-12-14
E017,2025-12-15
E018,2025-12-15
E019,2025-12-16
E020,2025-12-16
E001,2025-12-17
E002,2025-12-17
E003,2025-12-18
E004,2025-12-18
E005,2025-12-19
E006,2025-12-19
E007,2025-12-20
E008,2025-12-20
E009,2025-12-21
E010,2025-12-21
E011,2025-12-22
E012,2025-12-22
E013,2025-12-23
E014,2025-12-23
E015,2025-12-24
E016,2025-12-24
E017,2025-12-25
E018,2025-12-25
E019,2025-12-26
E020,2025-12-26
E001,2025-12-27
E002,2025-12-27
E003,2025-12-28
E004,2025-12-28
E005,2025-12-29
E006,2025-12-29
E007,2025-12-30
E008,2025-12-30
E009,2025-12-31
E010,2025-12-31
